property_id,sub_building_id,unit_type,lowest_observed_price,standard_lease_price,budget_lower_bound,comparison_status,budget_eligible,price_basis,comparison_policy,comparison_lease_months,availability_scope,comparison_note,sqft_min,source_url,trace_unit_id,trace_floorplan_id,trace_available_from,trace_lease_months,trace_rent_basis,trace_base_rent_min,trace_base_rent_max,trace_total_cost_min,trace_total_cost_max,trace_source_ref,trace_source_type,trace_retrieved_at,trace_checked_date,trace_in_unit_laundry,trace_private_kitchen_bath,trace_flooring_materials_json,trace_furnished_status,reviewed_feature_evidence_json
360-state,,studio,2314,2314,2314,comparable,true,calculated_total,source_standard_lease,11,current_unit,Current official base rent plus the previously reviewed $115 mandatory monthly fee; the limited special is not deducted,517,https://www.360statestreet.com/floorplans,APT 705,,Available Now,11,per_unit,2199,2199,2314,2314,reviews/price_refresh_evidence_2026-07-29.md,official_page_capture,2026-07-29,2026-07-29,yes,yes,[],unknown,"{""in_unit_laundry"":{""evidenceStatus"":""confirmed"",""recordScope"":""unit"",""sourceUrl"":""https://www.360statestreet.com/floorplans"",""sourceRef"":null,""checkedDate"":""2026-07-27"",""reviewedAt"":""2026-07-27""},""private_kitchen_bath"":{""evidenceStatus"":""confirmed"",""recordScope"":""unit"",""sourceUrl"":""https://www.360statestreet.com/floorplans"",""sourceRef"":null,""checkedDate"":""2026-07-27"",""reviewedAt"":""2026-07-27""},""flooring_materials"":{""evidenceStatus"":""not_found"",""recordScope"":""unit"",""sourceUrl"":""https://www.360statestreet.com/floorplans"",""sourceRef"":null,""checkedDate"":""2026-07-27"",""reviewedAt"":""2026-07-27""},""furnished_status"":{""evidenceStatus"":""not_found"",""recordScope"":""unit"",""sourceUrl"":""https://www.360statestreet.com/floorplans"",""sourceRef"":null,""checkedDate"":""2026-07-27"",""reviewedAt"":""2026-07-27""}}"
360-state,,1br,2314,2314,2314,comparable,true,calculated_total,source_standard_lease,12,current_unit,Current official base rent plus the previously reviewed $115 mandatory monthly fee; the limited special is not deducted,582,https://www.360statestreet.com/floorplans,APT 1109,,Available Now,12,per_unit,2199,2199,2314,2314,reviews/price_refresh_evidence_2026-07-29.md,official_page_capture,2026-07-29,2026-07-29,yes,yes,[],unknown,"{""in_unit_laundry"":{""evidenceStatus"":""confirmed"",""recordScope"":""unit"",""sourceUrl"":""https://www.360statestreet.com/floorplans"",""sourceRef"":null,""checkedDate"":""2026-07-27"",""reviewedAt"":""2026-07-27""},""private_kitchen_bath"":{""evidenceStatus"":""confirmed"",""recordScope"":""unit"",""sourceUrl"":""https://www.360statestreet.com/floorplans"",""sourceRef"":null,""checkedDate"":""2026-07-27"",""reviewedAt"":""2026-07-27""},""flooring_materials"":{""evidenceStatus"":""not_found"",""recordScope"":""unit"",""sourceUrl"":""https://www.360statestreet.com/floorplans"",""sourceRef"":null,""checkedDate"":""2026-07-27"",""reviewedAt"":""2026-07-27""},""furnished_status"":{""evidenceStatus"":""not_found"",""recordScope"":""unit"",""sourceUrl"":""https://www.360statestreet.com/floorplans"",""sourceRef"":null,""checkedDate"":""2026-07-27"",""reviewedAt"":""2026-07-27""}}"
360-state,,2br,3413,3413,3413,comparable,true,calculated_total,source_standard_lease,10,current_unit,Current official base rent plus the previously reviewed $115 mandatory monthly fee; the limited special is not deducted,1012,https://www.360statestreet.com/floorplans,APT 2418,,Available Now,10,per_unit,3298,3298,3413,3413,reviews/price_refresh_evidence_2026-07-29.md,official_page_capture,2026-07-29,2026-07-29,yes,yes,[],unknown,"{""in_unit_laundry"":{""evidenceStatus"":""confirmed"",""recordScope"":""unit"",""sourceUrl"":""https://www.360statestreet.com/floorplans"",""sourceRef"":null,""checkedDate"":""2026-07-27"",""reviewedAt"":""2026-07-27""},""private_kitchen_bath"":{""evidenceStatus"":""confirmed"",""recordScope"":""unit"",""sourceUrl"":""https://www.360statestreet.com/floorplans"",""sourceRef"":null,""checkedDate"":""2026-07-27"",""reviewedAt"":""2026-07-27""},""flooring_materials"":{""evidenceStatus"":""not_found"",""recordScope"":""unit"",""sourceUrl"":""https://www.360statestreet.com/floorplans"",""sourceRef"":null,""checkedDate"":""2026-07-27"",""reviewedAt"":""2026-07-27""},""furnished_status"":{""evidenceStatus"":""not_found"",""recordScope"":""unit"",""sourceUrl"":""https://www.360statestreet.com/floorplans"",""sourceRef"":null,""checkedDate"":""2026-07-27"",""reviewedAt"":""2026-07-27""}}"
olive-wooster,,studio,,,,no_visible_inventory,false,unknown,none,,no_visible_inventory,No private Studio was visible in the current official listing feed; co-living is not substituted,,https://oliveandwooster.com/availability,,Private Studio,,,per_unit,,,,,reviews/price_refresh_evidence_2026-07-29.md,official_page_capture,2026-07-29,2026-07-29,,,[],unknown,"{""in_unit_laundry"":{""evidenceStatus"":""not_found"",""recordScope"":""floorplan"",""sourceUrl"":""https://oliveandwooster.com/availability"",""sourceRef"":""reviews/price_refresh_evidence_2026-07-29.md"",""checkedDate"":""2026-07-29"",""reviewedAt"":""2026-07-29""},""private_kitchen_bath"":{""evidenceStatus"":""not_found"",""recordScope"":""floorplan"",""sourceUrl"":""https://oliveandwooster.com/availability"",""sourceRef"":""reviews/price_refresh_evidence_2026-07-29.md"",""checkedDate"":""2026-07-29"",""reviewedAt"":""2026-07-29""},""flooring_materials"":{""evidenceStatus"":""not_found"",""recordScope"":""floorplan"",""sourceUrl"":""https://oliveandwooster.com/availability"",""sourceRef"":""reviews/price_refresh_evidence_2026-07-29.md"",""checkedDate"":""2026-07-29"",""reviewedAt"":""2026-07-29""},""furnished_status"":{""evidenceStatus"":""not_found"",""recordScope"":""floorplan"",""sourceUrl"":""https://oliveandwooster.com/availability"",""sourceRef"":""reviews/price_refresh_evidence_2026-07-29.md"",""checkedDate"":""2026-07-29"",""reviewedAt"":""2026-07-29""}}"
olive-wooster,,1br,2322,2322,2322,comparable,true,official_total,source_standard_lease,12,current_unit,Official Total Monthly Leasing Price lower bound; it may already include the current special and is not discounted again,631,https://oliveandwooster.com/availability,265E,1bd 631 sqft,2026-09-12,12,per_unit,2276,2779,2322,2825,reviews/price_refresh_evidence_2026-07-29.md,official_page_capture,2026-07-29,2026-07-29,yes,yes,"[""lvp""]",unknown,"{""in_unit_laundry"":{""evidenceStatus"":""confirmed"",""recordScope"":""floorplan"",""sourceUrl"":""https://oliveandwooster.com/amenities"",""sourceRef"":null,""checkedDate"":""2026-07-27"",""reviewedAt"":""2026-07-27""},""private_kitchen_bath"":{""evidenceStatus"":""confirmed"",""recordScope"":""floorplan"",""sourceUrl"":""https://oliveandwooster.com/availability"",""sourceRef"":""docs/phase_c_evidence/olive-wooster_2026-07-12.md;data/olive_parsed_fixed.md"",""checkedDate"":""2026-07-27"",""reviewedAt"":""2026-07-27""},""flooring_materials"":{""evidenceStatus"":""confirmed"",""recordScope"":""floorplan"",""sourceUrl"":""https://oliveandwooster.com/amenities"",""sourceRef"":null,""checkedDate"":""2026-07-27"",""reviewedAt"":""2026-07-27""},""furnished_status"":{""evidenceStatus"":""not_found"",""recordScope"":""floorplan"",""sourceUrl"":""https://oliveandwooster.com/availability"",""sourceRef"":""docs/phase_c_evidence/olive-wooster_2026-07-12.md;data/olive_parsed_fixed.md"",""checkedDate"":""2026-07-27"",""reviewedAt"":""2026-07-27""}}"
olive-wooster,,2br,2926,2926,2926,comparable,true,official_total,source_standard_lease,12,current_unit,"Official Total Monthly Leasing Price lower bound; the listing says pricing includes the current special, so it is not discounted again",967,https://oliveandwooster.com/availability,267E,2bd 967 sqft,2026-09-14,12,per_unit,2880,3744,2926,3790,reviews/price_refresh_evidence_2026-07-29.md,official_page_capture,2026-07-29,2026-07-29,yes,yes,"[""lvp""]",unknown,"{""in_unit_laundry"":{""evidenceStatus"":""confirmed"",""recordScope"":""floorplan"",""sourceUrl"":""https://oliveandwooster.com/amenities"",""sourceRef"":null,""checkedDate"":""2026-07-27"",""reviewedAt"":""2026-07-27""},""private_kitchen_bath"":{""evidenceStatus"":""confirmed"",""recordScope"":""floorplan"",""sourceUrl"":""https://oliveandwooster.com/availability"",""sourceRef"":""docs/phase_c_evidence/olive-wooster_2026-07-12.md;data/olive_parsed_fixed.md"",""checkedDate"":""2026-07-27"",""reviewedAt"":""2026-07-27""},""flooring_materials"":{""evidenceStatus"":""confirmed"",""recordScope"":""floorplan"",""sourceUrl"":""https://oliveandwooster.com/amenities"",""sourceRef"":null,""checkedDate"":""2026-07-27"",""reviewedAt"":""2026-07-27""},""furnished_status"":{""evidenceStatus"":""not_found"",""recordScope"":""floorplan"",""sourceUrl"":""https://oliveandwooster.com/availability"",""sourceRef"":""docs/phase_c_evidence/olive-wooster_2026-07-12.md;data/olive_parsed_fixed.md"",""checkedDate"":""2026-07-27"",""reviewedAt"":""2026-07-27""}}"
axis-201,,studio,1935.39,1935.39,1935.39,comparable,true,calculated_total,source_standard_lease,12,current_unit,Current official base rent plus $83.39 mandatory monthly fees,345,https://axis201.com/floor-plans,0249,,Available Now,12,per_unit,1852,1852,1935.39,1935.39,reviews/price_refresh_evidence_2026-07-29.md,official_page_capture,2026-07-29,2026-07-29,yes,yes,"[""lvp""]",unknown,"{""in_unit_laundry"":{""evidenceStatus"":""confirmed"",""recordScope"":""building"",""sourceUrl"":""https://axis201.com/floor-plans"",""sourceRef"":""reviews/price_refresh_evidence_2026-07-29.md"",""checkedDate"":""2026-07-29"",""reviewedAt"":""2026-07-29""},""private_kitchen_bath"":{""evidenceStatus"":""confirmed"",""recordScope"":""building"",""sourceUrl"":""https://axis201.com/floor-plans"",""sourceRef"":""reviews/price_refresh_evidence_2026-07-29.md"",""checkedDate"":""2026-07-29"",""reviewedAt"":""2026-07-29""},""flooring_materials"":{""evidenceStatus"":""confirmed"",""recordScope"":""building"",""sourceUrl"":""https://axis201.com/floor-plans"",""sourceRef"":""reviews/price_refresh_evidence_2026-07-29.md"",""checkedDate"":""2026-07-29"",""reviewedAt"":""2026-07-29""},""furnished_status"":{""evidenceStatus"":""not_found"",""recordScope"":""unit"",""sourceUrl"":""https://axis201.com/floor-plans"",""sourceRef"":""docs/phase_c_evidence/axis-201_2026-07-12.md;data/axis_201_availability.md;data/Axis_eBrochure.pdf"",""checkedDate"":""2026-07-27"",""reviewedAt"":""2026-07-27""}}"
axis-201,,1br,2345.39,2345.39,2345.39,comparable,true,calculated_total,source_standard_lease,12,current_unit,Current official base rent plus $83.39 mandatory monthly fees,681,https://axis201.com/floor-plans,0337,,Available Now,12,per_unit,2262,2262,2345.39,2345.39,reviews/price_refresh_evidence_2026-07-29.md,official_page_capture,2026-07-29,2026-07-29,yes,yes,"[""lvp""]",unknown,"{""in_unit_laundry"":{""evidenceStatus"":""confirmed"",""recordScope"":""building"",""sourceUrl"":""https://axis201.com/floor-plans"",""sourceRef"":""reviews/price_refresh_evidence_2026-07-29.md"",""checkedDate"":""2026-07-29"",""reviewedAt"":""2026-07-29""},""private_kitchen_bath"":{""evidenceStatus"":""confirmed"",""recordScope"":""building"",""sourceUrl"":""https://axis201.com/floor-plans"",""sourceRef"":""reviews/price_refresh_evidence_2026-07-29.md"",""checkedDate"":""2026-07-29"",""reviewedAt"":""2026-07-29""},""flooring_materials"":{""evidenceStatus"":""confirmed"",""recordScope"":""building"",""sourceUrl"":""https://axis201.com/floor-plans"",""sourceRef"":""reviews/price_refresh_evidence_2026-07-29.md"",""checkedDate"":""2026-07-29"",""reviewedAt"":""2026-07-29""},""furnished_status"":{""evidenceStatus"":""not_found"",""recordScope"":""unit"",""sourceUrl"":""https://axis201.com/floor-plans"",""sourceRef"":""reviews/price_refresh_evidence_2026-07-29.md"",""checkedDate"":""2026-07-29"",""reviewedAt"":""2026-07-29""}}"
axis-201,,2br,3274.39,3274.39,3274.39,comparable,true,calculated_total,source_standard_lease,12,current_unit,Current official base rent plus $83.39 mandatory monthly fees,967,https://axis201.com/floor-plans,0321,,Available Now,12,per_unit,3191,3191,3274.39,3274.39,reviews/price_refresh_evidence_2026-07-29.md,official_page_capture,2026-07-29,2026-07-29,yes,yes,"[""lvp""]",unknown,"{""in_unit_laundry"":{""evidenceStatus"":""confirmed"",""recordScope"":""building"",""sourceUrl"":""https://axis201.com/floor-plans"",""sourceRef"":""reviews/price_refresh_evidence_2026-07-29.md"",""checkedDate"":""2026-07-29"",""reviewedAt"":""2026-07-29""},""private_kitchen_bath"":{""evidenceStatus"":""confirmed"",""recordScope"":""building"",""sourceUrl"":""https://axis201.com/floor-plans"",""sourceRef"":""reviews/price_refresh_evidence_2026-07-29.md"",""checkedDate"":""2026-07-29"",""reviewedAt"":""2026-07-29""},""flooring_materials"":{""evidenceStatus"":""confirmed"",""recordScope"":""building"",""sourceUrl"":""https://axis201.com/floor-plans"",""sourceRef"":""reviews/price_refresh_evidence_2026-07-29.md"",""checkedDate"":""2026-07-29"",""reviewedAt"":""2026-07-29""},""furnished_status"":{""evidenceStatus"":""not_found"",""recordScope"":""unit"",""sourceUrl"":""https://axis201.com/floor-plans"",""sourceRef"":""docs/phase_c_evidence/axis-201_2026-07-12.md;data/axis_201_availability.md;data/Axis_eBrochure.pdf"",""checkedDate"":""2026-07-27"",""reviewedAt"":""2026-07-27""}}"
the-whit,,studio,2345,2345,2345,comparable,true,calculated_total,source_standard_lease,11,current_floorplan,Current official 11-month Studio loft base rent plus the reviewed $15 mandatory trash fee,675,https://www.scullycompany.com/apartments/new-england/new-haven-county/new-haven/the-whit/,,Studio w/ Loft 675 sqft,Current 2 units,11,per_unit,2330,2330,2345,2345,reviews/price_refresh_evidence_2026-07-29.md,official_page_capture,2026-07-29,2026-07-29,yes,yes,"[""hard_surface""]",unknown,"{""in_unit_laundry"":{""evidenceStatus"":""confirmed"",""recordScope"":""building"",""sourceUrl"":""https://www.scullycompany.com/apartments/new-england/new-haven-county/new-haven/the-whit/"",""sourceRef"":""reviews/price_refresh_evidence_2026-07-29.md"",""checkedDate"":""2026-07-29"",""reviewedAt"":""2026-07-29""},""private_kitchen_bath"":{""evidenceStatus"":""confirmed"",""recordScope"":""building"",""sourceUrl"":""https://www.scullycompany.com/apartments/new-england/new-haven-county/new-haven/the-whit/"",""sourceRef"":""reviews/price_refresh_evidence_2026-07-29.md"",""checkedDate"":""2026-07-29"",""reviewedAt"":""2026-07-29""},""flooring_materials"":{""evidenceStatus"":""confirmed"",""recordScope"":""building"",""sourceUrl"":""https://www.scullycompany.com/apartments/new-england/new-haven-county/new-haven/the-whit/"",""sourceRef"":""reviews/price_refresh_evidence_2026-07-29.md"",""checkedDate"":""2026-07-29"",""reviewedAt"":""2026-07-29""},""furnished_status"":{""evidenceStatus"":""not_found"",""recordScope"":""floorplan"",""sourceUrl"":""https://www.scullycompany.com/apartments/new-england/new-haven-county/new-haven/the-whit/"",""sourceRef"":""reviews/price_refresh_evidence_2026-07-29.md"",""checkedDate"":""2026-07-29"",""reviewedAt"":""2026-07-29""}}"
the-whit,,1br,2480,2480,2480,comparable,true,calculated_total,source_standard_lease,12,current_unit,Current official 12-month 1BR base rent plus the reviewed $15 mandatory trash fee,677,https://www.scullycompany.com/apartments/new-england/new-haven-county/new-haven/the-whit/,110,1-Bedroom 1-Bathroom 677 sqft,2026-08-18,12,per_unit,2465,2465,2480,2480,reviews/price_refresh_evidence_2026-07-29.md,official_page_capture,2026-07-29,2026-07-29,yes,yes,"[""hard_surface""]",unknown,"{""in_unit_laundry"":{""evidenceStatus"":""confirmed"",""recordScope"":""building"",""sourceUrl"":""https://www.scullycompany.com/apartments/new-england/new-haven-county/new-haven/the-whit/"",""sourceRef"":""reviews/price_refresh_evidence_2026-07-29.md"",""checkedDate"":""2026-07-29"",""reviewedAt"":""2026-07-29""},""private_kitchen_bath"":{""evidenceStatus"":""confirmed"",""recordScope"":""building"",""sourceUrl"":""https://www.scullycompany.com/apartments/new-england/new-haven-county/new-haven/the-whit/"",""sourceRef"":""reviews/price_refresh_evidence_2026-07-29.md"",""checkedDate"":""2026-07-29"",""reviewedAt"":""2026-07-29""},""flooring_materials"":{""evidenceStatus"":""confirmed"",""recordScope"":""building"",""sourceUrl"":""https://www.scullycompany.com/apartments/new-england/new-haven-county/new-haven/the-whit/"",""sourceRef"":""reviews/price_refresh_evidence_2026-07-29.md"",""checkedDate"":""2026-07-29"",""reviewedAt"":""2026-07-29""},""furnished_status"":{""evidenceStatus"":""not_found"",""recordScope"":""unit"",""sourceUrl"":""https://www.scullycompany.com/apartments/new-england/new-haven-county/new-haven/the-whit/"",""sourceRef"":""reviews/price_refresh_evidence_2026-07-29.md"",""checkedDate"":""2026-07-29"",""reviewedAt"":""2026-07-29""}}"
the-whit,,2br,3305,,,nonstandard_lease_only,false,calculated_total,none,,current_unit,Current visible 2BR planning reference uses a 15-month base rent plus the reviewed $15 mandatory trash fee; no 10/11/12-month basis is used,1350,https://www.scullycompany.com/apartments/new-england/new-haven-county/new-haven/the-whit/,,2-Bedroom 2-Bath w/ Loft 1350 sqft,2026-09-09,15,per_unit,3290,3290,3305,3305,reviews/price_refresh_evidence_2026-07-29.md,official_page_capture,2026-07-29,2026-07-29,yes,yes,"[""hard_surface""]",unknown,"{""in_unit_laundry"":{""evidenceStatus"":""confirmed"",""recordScope"":""building"",""sourceUrl"":""https://www.scullycompany.com/apartments/new-england/new-haven-county/new-haven/the-whit/"",""sourceRef"":""reviews/price_refresh_evidence_2026-07-29.md"",""checkedDate"":""2026-07-29"",""reviewedAt"":""2026-07-29""},""private_kitchen_bath"":{""evidenceStatus"":""confirmed"",""recordScope"":""building"",""sourceUrl"":""https://www.scullycompany.com/apartments/new-england/new-haven-county/new-haven/the-whit/"",""sourceRef"":""reviews/price_refresh_evidence_2026-07-29.md"",""checkedDate"":""2026-07-29"",""reviewedAt"":""2026-07-29""},""flooring_materials"":{""evidenceStatus"":""confirmed"",""recordScope"":""building"",""sourceUrl"":""https://www.scullycompany.com/apartments/new-england/new-haven-county/new-haven/the-whit/"",""sourceRef"":""reviews/price_refresh_evidence_2026-07-29.md"",""checkedDate"":""2026-07-29"",""reviewedAt"":""2026-07-29""},""furnished_status"":{""evidenceStatus"":""not_found"",""recordScope"":""floorplan"",""sourceUrl"":""https://www.scullycompany.com/apartments/new-england/new-haven-county/new-haven/the-whit/"",""sourceRef"":""reviews/price_refresh_evidence_2026-07-29.md"",""checkedDate"":""2026-07-29"",""reviewedAt"":""2026-07-29""}}"
the-taft,,studio,1850,1850,1850,comparable,true,official_total,source_standard_lease,12,current_unit,Current property-supplied total monthly price,424,https://www.rentcafe.com/apartments/ct/new-haven/taft-apartments/default.aspx,08M,Studio,Available Now,12,per_unit,,,1850,1850,reviews/price_refresh_evidence_2026-07-29.md,official_page_capture,2026-07-29,2026-07-29,,yes,"[""hardwood""]",unknown,"{""in_unit_laundry"":{""evidenceStatus"":""not_found"",""recordScope"":""unit"",""sourceUrl"":""https://www.rentcafe.com/apartments/ct/new-haven/taft-apartments/default.aspx"",""sourceRef"":""reviews/price_refresh_evidence_2026-07-29.md"",""checkedDate"":""2026-07-29"",""reviewedAt"":""2026-07-29""},""private_kitchen_bath"":{""evidenceStatus"":""confirmed"",""recordScope"":""floorplan"",""sourceUrl"":""https://www.rentcafe.com/apartments/ct/new-haven/taft-apartments/default.aspx"",""sourceRef"":""reviews/price_refresh_evidence_2026-07-29.md"",""checkedDate"":""2026-07-29"",""reviewedAt"":""2026-07-29""},""flooring_materials"":{""evidenceStatus"":""confirmed"",""recordScope"":""floorplan"",""sourceUrl"":""https://www.rentcafe.com/apartments/ct/new-haven/taft-apartments/default.aspx"",""sourceRef"":""reviews/price_refresh_evidence_2026-07-29.md"",""checkedDate"":""2026-07-29"",""reviewedAt"":""2026-07-29""},""furnished_status"":{""evidenceStatus"":""not_found"",""recordScope"":""unit"",""sourceUrl"":""https://www.rentcafe.com/apartments/ct/new-haven/taft-apartments/default.aspx"",""sourceRef"":""reviews/price_refresh_evidence_2026-07-29.md"",""checkedDate"":""2026-07-29"",""reviewedAt"":""2026-07-29""}}"
the-taft,,1br,1999,1999,1999,comparable,true,official_total,source_standard_lease,12,current_unit,Current property-supplied total monthly price,697,https://www.rentcafe.com/apartments/ct/new-haven/taft-apartments/default.aspx,05S,"1-Bedroom, 1-Bath",Available Now,12,per_unit,,,1999,1999,reviews/price_refresh_evidence_2026-07-29.md,official_page_capture,2026-07-29,2026-07-29,unknown,yes,"[""hardwood""]",unknown,"{""in_unit_laundry"":{""evidenceStatus"":""not_found"",""recordScope"":""unit"",""sourceUrl"":""https://www.rentcafe.com/apartments/ct/new-haven/taft-apartments/default.aspx"",""sourceRef"":""docs/phase_c_evidence/the-taft_2026-07-12.md"",""checkedDate"":""2026-07-27"",""reviewedAt"":""2026-07-27""},""private_kitchen_bath"":{""evidenceStatus"":""confirmed"",""recordScope"":""unit"",""sourceUrl"":""https://www.rentcafe.com/apartments/ct/new-haven/taft-apartments/default.aspx"",""sourceRef"":""docs/phase_c_evidence/the-taft_2026-07-12.md"",""checkedDate"":""2026-07-27"",""reviewedAt"":""2026-07-27""},""flooring_materials"":{""evidenceStatus"":""confirmed"",""recordScope"":""unit"",""sourceUrl"":""https://www.rentcafe.com/apartments/ct/new-haven/taft-apartments/default.aspx"",""sourceRef"":null,""checkedDate"":""2026-07-27"",""reviewedAt"":""2026-07-27""},""furnished_status"":{""evidenceStatus"":""not_found"",""recordScope"":""unit"",""sourceUrl"":""https://www.rentcafe.com/apartments/ct/new-haven/taft-apartments/default.aspx"",""sourceRef"":""docs/phase_c_evidence/the-taft_2026-07-12.md"",""checkedDate"":""2026-07-27"",""reviewedAt"":""2026-07-27""}}"
the-taft,,2br,2950,2950,2950,comparable,true,official_total,source_standard_lease,12,current_unit,Current property-supplied total monthly price,1200,https://www.rentcafe.com/apartments/ct/new-haven/taft-apartments/default.aspx,01A,2-Bedroom Duplex,2026-08-15,12,per_unit,,,2950,2950,reviews/price_refresh_evidence_2026-07-29.md,official_page_capture,2026-07-29,2026-07-29,unknown,yes,"[""hardwood""]",unknown,"{""in_unit_laundry"":{""evidenceStatus"":""not_found"",""recordScope"":""unit"",""sourceUrl"":""https://www.rentcafe.com/apartments/ct/new-haven/taft-apartments/default.aspx"",""sourceRef"":""docs/phase_c_evidence/the-taft_2026-07-12.md"",""checkedDate"":""2026-07-27"",""reviewedAt"":""2026-07-27""},""private_kitchen_bath"":{""evidenceStatus"":""confirmed"",""recordScope"":""unit"",""sourceUrl"":""https://www.rentcafe.com/apartments/ct/new-haven/taft-apartments/default.aspx"",""sourceRef"":""docs/phase_c_evidence/the-taft_2026-07-12.md"",""checkedDate"":""2026-07-27"",""reviewedAt"":""2026-07-27""},""flooring_materials"":{""evidenceStatus"":""confirmed"",""recordScope"":""unit"",""sourceUrl"":""https://www.rentcafe.com/apartments/ct/new-haven/taft-apartments/default.aspx"",""sourceRef"":null,""checkedDate"":""2026-07-27"",""reviewedAt"":""2026-07-27""},""furnished_status"":{""evidenceStatus"":""not_found"",""recordScope"":""unit"",""sourceUrl"":""https://www.rentcafe.com/apartments/ct/new-haven/taft-apartments/default.aspx"",""sourceRef"":""docs/phase_c_evidence/the-taft_2026-07-12.md"",""checkedDate"":""2026-07-27"",""reviewedAt"":""2026-07-27""}}"
new-haven-towers,18_high,studio,2245,2370,2370,policy_comparable,true,base_rent_only,official_range_midpoint,12,planning_range,Use the midpoint of the official floorplan rent range regardless of lease term; recurring fees remain unconfirmed,,https://newhaventowers.com/floorplans/,,Studio,,12,per_unit,2245,2495,,,reviews/price_refresh_evidence_2026-07-29.md,official_page_capture,2026-07-29,2026-07-29,yes,yes,[],unknown,"{""in_unit_laundry"":{""evidenceStatus"":""confirmed"",""recordScope"":""floorplan"",""sourceUrl"":""https://newhaventowers.com/wp-content/uploads/2021/02/18High_Floorplans_Studio-3-4.pdf"",""sourceRef"":null,""checkedDate"":""2026-07-27"",""reviewedAt"":""2026-07-27""},""private_kitchen_bath"":{""evidenceStatus"":""confirmed"",""recordScope"":""floorplan"",""sourceUrl"":""https://newhaventowers.com/floorplans/"",""sourceRef"":""docs/phase_c_evidence/new-haven-towers_2026-07-12.md"",""checkedDate"":""2026-07-27"",""reviewedAt"":""2026-07-27""},""flooring_materials"":{""evidenceStatus"":""not_found"",""recordScope"":""floorplan"",""sourceUrl"":""https://newhaventowers.com/floorplans/"",""sourceRef"":""docs/phase_c_evidence/new-haven-towers_2026-07-12.md"",""checkedDate"":""2026-07-27"",""reviewedAt"":""2026-07-27""},""furnished_status"":{""evidenceStatus"":""not_found"",""recordScope"":""floorplan"",""sourceUrl"":""https://newhaventowers.com/floorplans/"",""sourceRef"":""docs/phase_c_evidence/new-haven-towers_2026-07-12.md"",""checkedDate"":""2026-07-27"",""reviewedAt"":""2026-07-27""}}"
new-haven-towers,crown_towers,studio,1895,1970,1970,policy_comparable,true,base_rent_only,official_range_midpoint,12,planning_range,Use the midpoint of the official floorplan rent range regardless of lease term; recurring fees remain unconfirmed,,https://newhaventowers.com/floorplans/,,Studio South,,12,per_unit,1895,2045,,,reviews/price_refresh_evidence_2026-07-29.md,official_page_capture,2026-07-29,2026-07-29,unknown,yes,[],unknown,"{""in_unit_laundry"":{""evidenceStatus"":""not_found"",""recordScope"":""floorplan"",""sourceUrl"":""https://newhaventowers.com/floorplans/"",""sourceRef"":""docs/phase_c_evidence/new-haven-towers_2026-07-12.md"",""checkedDate"":""2026-07-27"",""reviewedAt"":""2026-07-27""},""private_kitchen_bath"":{""evidenceStatus"":""confirmed"",""recordScope"":""floorplan"",""sourceUrl"":""https://newhaventowers.com/floorplans/"",""sourceRef"":""docs/phase_c_evidence/new-haven-towers_2026-07-12.md"",""checkedDate"":""2026-07-27"",""reviewedAt"":""2026-07-27""},""flooring_materials"":{""evidenceStatus"":""not_found"",""recordScope"":""floorplan"",""sourceUrl"":""https://newhaventowers.com/floorplans/"",""sourceRef"":""docs/phase_c_evidence/new-haven-towers_2026-07-12.md"",""checkedDate"":""2026-07-27"",""reviewedAt"":""2026-07-27""},""furnished_status"":{""evidenceStatus"":""not_found"",""recordScope"":""floorplan"",""sourceUrl"":""https://newhaventowers.com/floorplans/"",""sourceRef"":""docs/phase_c_evidence/new-haven-towers_2026-07-12.md"",""checkedDate"":""2026-07-27"",""reviewedAt"":""2026-07-27""}}"
new-haven-towers,madison,studio,1695,1770,1770,policy_comparable,true,base_rent_only,official_range_midpoint,12,planning_range,Use the midpoint of the official floorplan rent range regardless of lease term; recurring fees remain unconfirmed,,https://newhaventowers.com/floorplans/,,Studio - Large,,12,per_unit,1695,1845,,,reviews/price_refresh_evidence_2026-07-29.md,official_page_capture,2026-07-29,2026-07-29,unknown,yes,[],unknown,"{""in_unit_laundry"":{""evidenceStatus"":""not_found"",""recordScope"":""floorplan"",""sourceUrl"":""https://newhaventowers.com/floorplans/"",""sourceRef"":""docs/phase_c_evidence/new-haven-towers_2026-07-12.md"",""checkedDate"":""2026-07-27"",""reviewedAt"":""2026-07-27""},""private_kitchen_bath"":{""evidenceStatus"":""confirmed"",""recordScope"":""floorplan"",""sourceUrl"":""https://newhaventowers.com/floorplans/"",""sourceRef"":""docs/phase_c_evidence/new-haven-towers_2026-07-12.md"",""checkedDate"":""2026-07-27"",""reviewedAt"":""2026-07-27""},""flooring_materials"":{""evidenceStatus"":""not_found"",""recordScope"":""floorplan"",""sourceUrl"":""https://newhaventowers.com/floorplans/"",""sourceRef"":""docs/phase_c_evidence/new-haven-towers_2026-07-12.md"",""checkedDate"":""2026-07-27"",""reviewedAt"":""2026-07-27""},""furnished_status"":{""evidenceStatus"":""not_found"",""recordScope"":""floorplan"",""sourceUrl"":""https://newhaventowers.com/floorplans/"",""sourceRef"":""docs/phase_c_evidence/new-haven-towers_2026-07-12.md"",""checkedDate"":""2026-07-27"",""reviewedAt"":""2026-07-27""}}"
new-haven-towers,18_high,1br,2745,2920,2920,policy_comparable,true,base_rent_only,official_range_midpoint,12,planning_range,Use the midpoint of the official floorplan rent range regardless of lease term; recurring fees remain unconfirmed,,https://newhaventowers.com/floorplans/,,1 BD 1BA Standard,,12,per_unit,2745,3095,,,reviews/price_refresh_evidence_2026-07-29.md,official_page_capture,2026-07-29,2026-07-29,yes,yes,[],unknown,"{""in_unit_laundry"":{""evidenceStatus"":""confirmed"",""recordScope"":""floorplan"",""sourceUrl"":""https://newhaventowers.com/wp-content/uploads/2021/02/18High_Floorplans_1Bedrooms_All-1-1.pdf"",""sourceRef"":null,""checkedDate"":""2026-07-27"",""reviewedAt"":""2026-07-27""},""private_kitchen_bath"":{""evidenceStatus"":""confirmed"",""recordScope"":""floorplan"",""sourceUrl"":""https://newhaventowers.com/floorplans/"",""sourceRef"":""docs/phase_c_evidence/new-haven-towers_2026-07-12.md"",""checkedDate"":""2026-07-27"",""reviewedAt"":""2026-07-27""},""flooring_materials"":{""evidenceStatus"":""not_found"",""recordScope"":""floorplan"",""sourceUrl"":""https://newhaventowers.com/floorplans/"",""sourceRef"":""docs/phase_c_evidence/new-haven-towers_2026-07-12.md"",""checkedDate"":""2026-07-27"",""reviewedAt"":""2026-07-27""},""furnished_status"":{""evidenceStatus"":""not_found"",""recordScope"":""floorplan"",""sourceUrl"":""https://newhaventowers.com/floorplans/"",""sourceRef"":""docs/phase_c_evidence/new-haven-towers_2026-07-12.md"",""checkedDate"":""2026-07-27"",""reviewedAt"":""2026-07-27""}}"
new-haven-towers,crown_court,1br,1995,2095,2095,policy_comparable,true,base_rent_only,official_range_midpoint,12,planning_range,Use the midpoint of the official floorplan rent range regardless of lease term; recurring fees remain unconfirmed,,https://newhaventowers.com/floorplans/,,1 BD Standard,,12,per_unit,1995,2195,,,reviews/price_refresh_evidence_2026-07-29.md,official_page_capture,2026-07-29,2026-07-29,unknown,yes,[],unknown,"{""in_unit_laundry"":{""evidenceStatus"":""not_found"",""recordScope"":""floorplan"",""sourceUrl"":""https://newhaventowers.com/floorplans/"",""sourceRef"":""docs/phase_c_evidence/new-haven-towers_2026-07-12.md"",""checkedDate"":""2026-07-27"",""reviewedAt"":""2026-07-27""},""private_kitchen_bath"":{""evidenceStatus"":""confirmed"",""recordScope"":""floorplan"",""sourceUrl"":""https://newhaventowers.com/floorplans/"",""sourceRef"":""docs/phase_c_evidence/new-haven-towers_2026-07-12.md"",""checkedDate"":""2026-07-27"",""reviewedAt"":""2026-07-27""},""flooring_materials"":{""evidenceStatus"":""not_found"",""recordScope"":""floorplan"",""sourceUrl"":""https://newhaventowers.com/floorplans/"",""sourceRef"":""docs/phase_c_evidence/new-haven-towers_2026-07-12.md"",""checkedDate"":""2026-07-27"",""reviewedAt"":""2026-07-27""},""furnished_status"":{""evidenceStatus"":""not_found"",""recordScope"":""floorplan"",""sourceUrl"":""https://newhaventowers.com/floorplans/"",""sourceRef"":""docs/phase_c_evidence/new-haven-towers_2026-07-12.md"",""checkedDate"":""2026-07-27"",""reviewedAt"":""2026-07-27""}}"
new-haven-towers,crown_towers,1br,2145,2220,2220,policy_comparable,true,base_rent_only,official_range_midpoint,12,planning_range,Use the midpoint of the official floorplan rent range regardless of lease term; recurring fees remain unconfirmed,,https://newhaventowers.com/floorplans/,,"1 BD, South",,12,per_unit,2145,2295,,,reviews/price_refresh_evidence_2026-07-29.md,official_page_capture,2026-07-29,2026-07-29,unknown,yes,[],unknown,"{""in_unit_laundry"":{""evidenceStatus"":""not_found"",""recordScope"":""floorplan"",""sourceUrl"":""https://newhaventowers.com/floorplans/"",""sourceRef"":""docs/phase_c_evidence/new-haven-towers_2026-07-12.md"",""checkedDate"":""2026-07-27"",""reviewedAt"":""2026-07-27""},""private_kitchen_bath"":{""evidenceStatus"":""confirmed"",""recordScope"":""floorplan"",""sourceUrl"":""https://newhaventowers.com/floorplans/"",""sourceRef"":""docs/phase_c_evidence/new-haven-towers_2026-07-12.md"",""checkedDate"":""2026-07-27"",""reviewedAt"":""2026-07-27""},""flooring_materials"":{""evidenceStatus"":""not_found"",""recordScope"":""floorplan"",""sourceUrl"":""https://newhaventowers.com/floorplans/"",""sourceRef"":""docs/phase_c_evidence/new-haven-towers_2026-07-12.md"",""checkedDate"":""2026-07-27"",""reviewedAt"":""2026-07-27""},""furnished_status"":{""evidenceStatus"":""not_found"",""recordScope"":""floorplan"",""sourceUrl"":""https://newhaventowers.com/floorplans/"",""sourceRef"":""docs/phase_c_evidence/new-haven-towers_2026-07-12.md"",""checkedDate"":""2026-07-27"",""reviewedAt"":""2026-07-27""}}"
new-haven-towers,madison,1br,1975,2060,2060,policy_comparable,true,base_rent_only,official_range_midpoint,12,planning_range,Use the midpoint of the official floorplan rent range regardless of lease term; recurring fees remain unconfirmed,,https://newhaventowers.com/floorplans/,,1 BD - Large,,12,per_unit,1975,2145,,,reviews/price_refresh_evidence_2026-07-29.md,official_page_capture,2026-07-29,2026-07-29,unknown,yes,[],unknown,"{""in_unit_laundry"":{""evidenceStatus"":""not_found"",""recordScope"":""floorplan"",""sourceUrl"":""https://newhaventowers.com/floorplans/"",""sourceRef"":""docs/phase_c_evidence/new-haven-towers_2026-07-12.md"",""checkedDate"":""2026-07-27"",""reviewedAt"":""2026-07-27""},""private_kitchen_bath"":{""evidenceStatus"":""confirmed"",""recordScope"":""floorplan"",""sourceUrl"":""https://newhaventowers.com/floorplans/"",""sourceRef"":""docs/phase_c_evidence/new-haven-towers_2026-07-12.md"",""checkedDate"":""2026-07-27"",""reviewedAt"":""2026-07-27""},""flooring_materials"":{""evidenceStatus"":""not_found"",""recordScope"":""floorplan"",""sourceUrl"":""https://newhaventowers.com/floorplans/"",""sourceRef"":""docs/phase_c_evidence/new-haven-towers_2026-07-12.md"",""checkedDate"":""2026-07-27"",""reviewedAt"":""2026-07-27""},""furnished_status"":{""evidenceStatus"":""not_found"",""recordScope"":""floorplan"",""sourceUrl"":""https://newhaventowers.com/floorplans/"",""sourceRef"":""docs/phase_c_evidence/new-haven-towers_2026-07-12.md"",""checkedDate"":""2026-07-27"",""reviewedAt"":""2026-07-27""}}"
new-haven-towers,18_high,2br,4095,4295,4295,policy_comparable,true,base_rent_only,official_range_midpoint,12,planning_range,Use the midpoint of the official floorplan rent range regardless of lease term; recurring fees remain unconfirmed,,https://newhaventowers.com/floorplans/,,2 BD 1 BA,,12,per_unit,4095,4495,,,reviews/price_refresh_evidence_2026-07-29.md,official_page_capture,2026-07-29,2026-07-29,yes,yes,[],unknown,"{""in_unit_laundry"":{""evidenceStatus"":""confirmed"",""recordScope"":""floorplan"",""sourceUrl"":""https://newhaventowers.com/wp-content/uploads/2021/02/18High_Floorplans_2Bedrooms-1-1-2-1-2.pdf"",""sourceRef"":null,""checkedDate"":""2026-07-27"",""reviewedAt"":""2026-07-27""},""private_kitchen_bath"":{""evidenceStatus"":""confirmed"",""recordScope"":""floorplan"",""sourceUrl"":""https://newhaventowers.com/floorplans/"",""sourceRef"":""docs/phase_c_evidence/new-haven-towers_2026-07-12.md"",""checkedDate"":""2026-07-27"",""reviewedAt"":""2026-07-27""},""flooring_materials"":{""evidenceStatus"":""not_found"",""recordScope"":""floorplan"",""sourceUrl"":""https://newhaventowers.com/floorplans/"",""sourceRef"":""docs/phase_c_evidence/new-haven-towers_2026-07-12.md"",""checkedDate"":""2026-07-27"",""reviewedAt"":""2026-07-27""},""furnished_status"":{""evidenceStatus"":""not_found"",""recordScope"":""floorplan"",""sourceUrl"":""https://newhaventowers.com/floorplans/"",""sourceRef"":""docs/phase_c_evidence/new-haven-towers_2026-07-12.md"",""checkedDate"":""2026-07-27"",""reviewedAt"":""2026-07-27""}}"
new-haven-towers,crown_court,2br,2895,3045,3045,policy_comparable,true,base_rent_only,official_range_midpoint,12,planning_range,Use the midpoint of the official floorplan rent range regardless of lease term; recurring fees remain unconfirmed,,https://newhaventowers.com/floorplans/,,2 BD 2 BA,,12,per_unit,2895,3195,,,reviews/price_refresh_evidence_2026-07-29.md,official_page_capture,2026-07-29,2026-07-29,unknown,yes,[],unknown,"{""in_unit_laundry"":{""evidenceStatus"":""not_found"",""recordScope"":""floorplan"",""sourceUrl"":""https://newhaventowers.com/floorplans/"",""sourceRef"":""docs/phase_c_evidence/new-haven-towers_2026-07-12.md"",""checkedDate"":""2026-07-27"",""reviewedAt"":""2026-07-27""},""private_kitchen_bath"":{""evidenceStatus"":""confirmed"",""recordScope"":""floorplan"",""sourceUrl"":""https://newhaventowers.com/floorplans/"",""sourceRef"":""docs/phase_c_evidence/new-haven-towers_2026-07-12.md"",""checkedDate"":""2026-07-27"",""reviewedAt"":""2026-07-27""},""flooring_materials"":{""evidenceStatus"":""not_found"",""recordScope"":""floorplan"",""sourceUrl"":""https://newhaventowers.com/floorplans/"",""sourceRef"":""docs/phase_c_evidence/new-haven-towers_2026-07-12.md"",""checkedDate"":""2026-07-27"",""reviewedAt"":""2026-07-27""},""furnished_status"":{""evidenceStatus"":""not_found"",""recordScope"":""floorplan"",""sourceUrl"":""https://newhaventowers.com/floorplans/"",""sourceRef"":""docs/phase_c_evidence/new-haven-towers_2026-07-12.md"",""checkedDate"":""2026-07-27"",""reviewedAt"":""2026-07-27""}}"
new-haven-towers,madison,2br,2895,3045,3045,policy_comparable,true,base_rent_only,official_range_midpoint,12,planning_range,Use the midpoint of the official floorplan rent range regardless of lease term; recurring fees remain unconfirmed,,https://newhaventowers.com/floorplans/,,2 BD 2 BA,,12,per_unit,2895,3195,,,reviews/price_refresh_evidence_2026-07-29.md,official_page_capture,2026-07-29,2026-07-29,unknown,yes,[],unknown,"{""in_unit_laundry"":{""evidenceStatus"":""not_found"",""recordScope"":""floorplan"",""sourceUrl"":""https://newhaventowers.com/floorplans/"",""sourceRef"":""docs/phase_c_evidence/new-haven-towers_2026-07-12.md"",""checkedDate"":""2026-07-27"",""reviewedAt"":""2026-07-27""},""private_kitchen_bath"":{""evidenceStatus"":""confirmed"",""recordScope"":""floorplan"",""sourceUrl"":""https://newhaventowers.com/floorplans/"",""sourceRef"":""docs/phase_c_evidence/new-haven-towers_2026-07-12.md"",""checkedDate"":""2026-07-27"",""reviewedAt"":""2026-07-27""},""flooring_materials"":{""evidenceStatus"":""not_found"",""recordScope"":""floorplan"",""sourceUrl"":""https://newhaventowers.com/floorplans/"",""sourceRef"":""docs/phase_c_evidence/new-haven-towers_2026-07-12.md"",""checkedDate"":""2026-07-27"",""reviewedAt"":""2026-07-27""},""furnished_status"":{""evidenceStatus"":""not_found"",""recordScope"":""floorplan"",""sourceUrl"":""https://newhaventowers.com/floorplans/"",""sourceRef"":""docs/phase_c_evidence/new-haven-towers_2026-07-12.md"",""checkedDate"":""2026-07-27"",""reviewedAt"":""2026-07-27""}}"
the-archive,,studio,2232,2232,2232,policy_comparable,true,official_total,official_range_lower_bound_as_12_month,12,planning_range,Use the lowest official Total Monthly Leasing Price as the 12-month comparison price; current Studio availability is not confirmed,387,https://entrata.thearchiveapts.com/new-haven/the-archive/conventional/,,Sx1 A,,,per_unit,,,2232,2282,reviews/price_refresh_evidence_2026-07-29.md,official_page_capture,2026-07-29,2026-07-29,yes,yes,[],unfurnished,"{""in_unit_laundry"":{""evidenceStatus"":""confirmed"",""recordScope"":""floorplan"",""sourceUrl"":""https://www.thearchiveapts.com/images/Archive-Sample-Lease.pdf"",""sourceRef"":""Sample lease page 19, Terms and Conditions, Unit Details"",""checkedDate"":""2026-07-27"",""reviewedAt"":""2026-07-27""},""private_kitchen_bath"":{""evidenceStatus"":""confirmed"",""recordScope"":""floorplan"",""sourceUrl"":""https://entrata.thearchiveapts.com/new-haven/the-archive/conventional/"",""sourceRef"":""docs/phase_c_evidence/the-archive_2026-07-12.md"",""checkedDate"":""2026-07-27"",""reviewedAt"":""2026-07-27""},""flooring_materials"":{""evidenceStatus"":""not_found"",""recordScope"":""floorplan"",""sourceUrl"":""https://entrata.thearchiveapts.com/new-haven/the-archive/conventional/"",""sourceRef"":""docs/phase_c_evidence/the-archive_2026-07-12.md"",""checkedDate"":""2026-07-27"",""reviewedAt"":""2026-07-27""},""furnished_status"":{""evidenceStatus"":""confirmed"",""recordScope"":""floorplan"",""sourceUrl"":""https://thearchiveapts.com/faq"",""sourceRef"":null,""checkedDate"":""2026-07-27"",""reviewedAt"":""2026-07-27""}}"
the-archive,,1br,2430,2430,2430,policy_comparable,true,official_total,official_range_lower_bound_as_12_month,12,current_floorplan,Use the lowest official Total Monthly Leasing Price as the 12-month comparison price,503,https://entrata.thearchiveapts.com/new-haven/the-archive/conventional/,,1x1 A,2026-08-12,,per_unit,,,2430,,reviews/price_refresh_evidence_2026-07-29.md,official_page_capture,2026-07-29,2026-07-29,yes,yes,[],unfurnished,"{""in_unit_laundry"":{""evidenceStatus"":""confirmed"",""recordScope"":""floorplan"",""sourceUrl"":""https://www.thearchiveapts.com/images/Archive-Sample-Lease.pdf"",""sourceRef"":""Sample lease page 19, Terms and Conditions, Unit Details"",""checkedDate"":""2026-07-27"",""reviewedAt"":""2026-07-27""},""private_kitchen_bath"":{""evidenceStatus"":""confirmed"",""recordScope"":""floorplan"",""sourceUrl"":""https://entrata.thearchiveapts.com/new-haven/the-archive/conventional/"",""sourceRef"":""docs/phase_c_evidence/the-archive_2026-07-12.md"",""checkedDate"":""2026-07-27"",""reviewedAt"":""2026-07-27""},""flooring_materials"":{""evidenceStatus"":""not_found"",""recordScope"":""floorplan"",""sourceUrl"":""https://entrata.thearchiveapts.com/new-haven/the-archive/conventional/"",""sourceRef"":""docs/phase_c_evidence/the-archive_2026-07-12.md"",""checkedDate"":""2026-07-27"",""reviewedAt"":""2026-07-27""},""furnished_status"":{""evidenceStatus"":""confirmed"",""recordScope"":""floorplan"",""sourceUrl"":""https://thearchiveapts.com/faq"",""sourceRef"":null,""checkedDate"":""2026-07-27"",""reviewedAt"":""2026-07-27""}}"
the-archive,,2br,3071,3071,3071,policy_comparable,true,official_total,official_range_lower_bound_as_12_month,12,current_floorplan,Use the lowest official Total Monthly Leasing Price as the 12-month comparison price,631,https://entrata.thearchiveapts.com/new-haven/the-archive/conventional/,,2x2 Balcony A,2026-09-16,,per_unit,,,3071,,reviews/price_refresh_evidence_2026-07-29.md,official_page_capture,2026-07-29,2026-07-29,yes,yes,[],unfurnished,"{""in_unit_laundry"":{""evidenceStatus"":""confirmed"",""recordScope"":""floorplan"",""sourceUrl"":""https://www.thearchiveapts.com/images/Archive-Sample-Lease.pdf"",""sourceRef"":""Sample lease page 19, Terms and Conditions, Unit Details"",""checkedDate"":""2026-07-27"",""reviewedAt"":""2026-07-27""},""private_kitchen_bath"":{""evidenceStatus"":""confirmed"",""recordScope"":""floorplan"",""sourceUrl"":""https://entrata.thearchiveapts.com/new-haven/the-archive/conventional/"",""sourceRef"":""docs/phase_c_evidence/the-archive_2026-07-12.md"",""checkedDate"":""2026-07-27"",""reviewedAt"":""2026-07-27""},""flooring_materials"":{""evidenceStatus"":""not_found"",""recordScope"":""floorplan"",""sourceUrl"":""https://entrata.thearchiveapts.com/new-haven/the-archive/conventional/"",""sourceRef"":""docs/phase_c_evidence/the-archive_2026-07-12.md"",""checkedDate"":""2026-07-27"",""reviewedAt"":""2026-07-27""},""furnished_status"":{""evidenceStatus"":""confirmed"",""recordScope"":""floorplan"",""sourceUrl"":""https://thearchiveapts.com/faq"",""sourceRef"":null,""checkedDate"":""2026-07-27"",""reviewedAt"":""2026-07-27""}}"
anthem-square10,,studio,1930.25,1930.25,1930.25,comparable,true,calculated_total,source_standard_lease,12,current_unit,Official current standard-lease evidence,373,https://www.anthemsquare10.com/floorplans/s1,313,S1,2026-10-07,12,per_unit,1825,1825,1930.25,1930.25,docs/phase_c_evidence/anthem-square10_2026-07-12.md,official_page_capture,2026-07-12,2026-07-12,yes,yes,[],unknown,"{""in_unit_laundry"":{""evidenceStatus"":""confirmed"",""recordScope"":""unit"",""sourceUrl"":""https://www.anthemsquare10.com/"",""sourceRef"":null,""checkedDate"":""2026-07-27"",""reviewedAt"":""2026-07-27""},""private_kitchen_bath"":{""evidenceStatus"":""confirmed"",""recordScope"":""unit"",""sourceUrl"":""https://www.anthemsquare10.com/floorplans/s1"",""sourceRef"":""docs/phase_c_evidence/anthem-square10_2026-07-12.md"",""checkedDate"":""2026-07-27"",""reviewedAt"":""2026-07-27""},""flooring_materials"":{""evidenceStatus"":""not_found"",""recordScope"":""unit"",""sourceUrl"":""https://www.anthemsquare10.com/floorplans/s1"",""sourceRef"":""docs/phase_c_evidence/anthem-square10_2026-07-12.md"",""checkedDate"":""2026-07-27"",""reviewedAt"":""2026-07-27""},""furnished_status"":{""evidenceStatus"":""not_found"",""recordScope"":""unit"",""sourceUrl"":""https://www.anthemsquare10.com/floorplans/s1"",""sourceRef"":""docs/phase_c_evidence/anthem-square10_2026-07-12.md"",""checkedDate"":""2026-07-27"",""reviewedAt"":""2026-07-27""}}"
anthem-square10,,1br,2790.25,2790.25,2790.25,comparable,true,calculated_total,source_standard_lease,12,current_unit,Official current standard-lease evidence,718,https://www.anthemsquare10.com/floorplans/a1,634,A1,2026-08-07,12,per_unit,2685,2685,2790.25,2790.25,docs/phase_c_evidence/anthem-square10_2026-07-12.md,official_page_capture,2026-07-12,2026-07-12,yes,yes,[],unknown,"{""in_unit_laundry"":{""evidenceStatus"":""confirmed"",""recordScope"":""unit"",""sourceUrl"":""https://www.anthemsquare10.com/"",""sourceRef"":null,""checkedDate"":""2026-07-27"",""reviewedAt"":""2026-07-27""},""private_kitchen_bath"":{""evidenceStatus"":""confirmed"",""recordScope"":""unit"",""sourceUrl"":""https://www.anthemsquare10.com/floorplans/a1"",""sourceRef"":""docs/phase_c_evidence/anthem-square10_2026-07-12.md"",""checkedDate"":""2026-07-27"",""reviewedAt"":""2026-07-27""},""flooring_materials"":{""evidenceStatus"":""not_found"",""recordScope"":""unit"",""sourceUrl"":""https://www.anthemsquare10.com/floorplans/a1"",""sourceRef"":""docs/phase_c_evidence/anthem-square10_2026-07-12.md"",""checkedDate"":""2026-07-27"",""reviewedAt"":""2026-07-27""},""furnished_status"":{""evidenceStatus"":""not_found"",""recordScope"":""unit"",""sourceUrl"":""https://www.anthemsquare10.com/floorplans/a1"",""sourceRef"":""docs/phase_c_evidence/anthem-square10_2026-07-12.md"",""checkedDate"":""2026-07-27"",""reviewedAt"":""2026-07-27""}}"
anthem-square10,,2br,3440.25,3440.25,3440.25,comparable,true,calculated_total,source_standard_lease,12,current_unit,Official current standard-lease evidence,1064,https://www.anthemsquare10.com/floorplans/b2,707,B2,2026-07-12,12,per_unit,3335,3335,3440.25,3440.25,docs/phase_c_evidence/anthem-square10_2026-07-12.md,official_page_capture,2026-07-12,2026-07-12,yes,yes,[],unknown,"{""in_unit_laundry"":{""evidenceStatus"":""confirmed"",""recordScope"":""unit"",""sourceUrl"":""https://www.anthemsquare10.com/"",""sourceRef"":null,""checkedDate"":""2026-07-27"",""reviewedAt"":""2026-07-27""},""private_kitchen_bath"":{""evidenceStatus"":""confirmed"",""recordScope"":""unit"",""sourceUrl"":""https://www.anthemsquare10.com/floorplans/b2"",""sourceRef"":""docs/phase_c_evidence/anthem-square10_2026-07-12.md"",""checkedDate"":""2026-07-27"",""reviewedAt"":""2026-07-27""},""flooring_materials"":{""evidenceStatus"":""not_found"",""recordScope"":""unit"",""sourceUrl"":""https://www.anthemsquare10.com/floorplans/b2"",""sourceRef"":""docs/phase_c_evidence/anthem-square10_2026-07-12.md"",""checkedDate"":""2026-07-27"",""reviewedAt"":""2026-07-27""},""furnished_status"":{""evidenceStatus"":""not_found"",""recordScope"":""unit"",""sourceUrl"":""https://www.anthemsquare10.com/floorplans/b2"",""sourceRef"":""docs/phase_c_evidence/anthem-square10_2026-07-12.md"",""checkedDate"":""2026-07-27"",""reviewedAt"":""2026-07-27""}}"
the-audubon,,studio,2564,2564,2564,comparable,true,calculated_total,source_standard_lease,12,current_unit,Current official 12-month cost estimate,575,https://www.theaudubonapts.com/floorplans,220,Studio-S1.1,2026-08-25,12,per_unit,2472,2472,2564,2564,reviews/price_refresh_evidence_2026-07-29.md,official_page_capture,2026-07-29,2026-07-29,unknown,yes,[],unknown,"{""in_unit_laundry"":{""evidenceStatus"":""not_found"",""recordScope"":""unit"",""sourceUrl"":""https://www.theaudubonapts.com/rentestimate/studio-s1.1"",""sourceRef"":""docs/phase_c_evidence/the-audubon_2026-07-12.md"",""checkedDate"":""2026-07-27"",""reviewedAt"":""2026-07-27""},""private_kitchen_bath"":{""evidenceStatus"":""confirmed"",""recordScope"":""unit"",""sourceUrl"":""https://www.theaudubonapts.com/rentestimate/studio-s1.1"",""sourceRef"":""docs/phase_c_evidence/the-audubon_2026-07-12.md"",""checkedDate"":""2026-07-27"",""reviewedAt"":""2026-07-27""},""flooring_materials"":{""evidenceStatus"":""not_found"",""recordScope"":""unit"",""sourceUrl"":""https://www.theaudubonapts.com/rentestimate/studio-s1.1"",""sourceRef"":""docs/phase_c_evidence/the-audubon_2026-07-12.md"",""checkedDate"":""2026-07-27"",""reviewedAt"":""2026-07-27""},""furnished_status"":{""evidenceStatus"":""not_found"",""recordScope"":""unit"",""sourceUrl"":""https://www.theaudubonapts.com/rentestimate/studio-s1.1"",""sourceRef"":""docs/phase_c_evidence/the-audubon_2026-07-12.md"",""checkedDate"":""2026-07-27"",""reviewedAt"":""2026-07-27""}}"
the-audubon,367 Orange,studio,2482,,,planning_range,false,calculated_total,none,,planning_range,,608,https://www.theaudubonapts.com/floorplans,,Studio-S4,,17,per_unit,2392,2392,2482,2482,docs/phase_c_evidence/the-audubon_2026-07-12.md,official_paste,2026-07-12,2026-07-12,unknown,yes,[],unknown,"{""in_unit_laundry"":{""evidenceStatus"":""not_found"",""recordScope"":""floorplan"",""sourceUrl"":""https://www.theaudubonapts.com/floorplans"",""sourceRef"":""docs/phase_c_evidence/the-audubon_2026-07-12.md"",""checkedDate"":""2026-07-27"",""reviewedAt"":""2026-07-27""},""private_kitchen_bath"":{""evidenceStatus"":""confirmed"",""recordScope"":""floorplan"",""sourceUrl"":""https://www.theaudubonapts.com/floorplans"",""sourceRef"":""docs/phase_c_evidence/the-audubon_2026-07-12.md"",""checkedDate"":""2026-07-27"",""reviewedAt"":""2026-07-27""},""flooring_materials"":{""evidenceStatus"":""not_found"",""recordScope"":""floorplan"",""sourceUrl"":""https://www.theaudubonapts.com/floorplans"",""sourceRef"":""docs/phase_c_evidence/the-audubon_2026-07-12.md"",""checkedDate"":""2026-07-27"",""reviewedAt"":""2026-07-27""},""furnished_status"":{""evidenceStatus"":""not_found"",""recordScope"":""floorplan"",""sourceUrl"":""https://www.theaudubonapts.com/floorplans"",""sourceRef"":""docs/phase_c_evidence/the-audubon_2026-07-12.md"",""checkedDate"":""2026-07-27"",""reviewedAt"":""2026-07-27""}}"
the-audubon,367 Orange,1br,2752,2752,2752,comparable,true,calculated_total,source_standard_lease,12,current_unit,Current official 12-month cost estimate,670,https://www.theaudubonapts.com/floorplans,518,1 Bed/1 Bath-A3.1,2026-10-05,12,per_unit,2581,2581,2752,2752,reviews/price_refresh_evidence_2026-07-29.md,official_page_capture,2026-07-29,2026-07-29,unknown,yes,[],unknown,"{""in_unit_laundry"":{""evidenceStatus"":""not_found"",""recordScope"":""unit"",""sourceUrl"":""https://www.theaudubonapts.com/rentestimate/1-bed%2f1-bath-a3.1-367-orange"",""sourceRef"":""docs/phase_c_evidence/the-audubon_2026-07-12.md"",""checkedDate"":""2026-07-27"",""reviewedAt"":""2026-07-27""},""private_kitchen_bath"":{""evidenceStatus"":""confirmed"",""recordScope"":""unit"",""sourceUrl"":""https://www.theaudubonapts.com/rentestimate/1-bed%2f1-bath-a3.1-367-orange"",""sourceRef"":""docs/phase_c_evidence/the-audubon_2026-07-12.md"",""checkedDate"":""2026-07-27"",""reviewedAt"":""2026-07-27""},""flooring_materials"":{""evidenceStatus"":""not_found"",""recordScope"":""unit"",""sourceUrl"":""https://www.theaudubonapts.com/rentestimate/1-bed%2f1-bath-a3.1-367-orange"",""sourceRef"":""docs/phase_c_evidence/the-audubon_2026-07-12.md"",""checkedDate"":""2026-07-27"",""reviewedAt"":""2026-07-27""},""furnished_status"":{""evidenceStatus"":""not_found"",""recordScope"":""unit"",""sourceUrl"":""https://www.theaudubonapts.com/rentestimate/1-bed%2f1-bath-a3.1-367-orange"",""sourceRef"":""docs/phase_c_evidence/the-audubon_2026-07-12.md"",""checkedDate"":""2026-07-27"",""reviewedAt"":""2026-07-27""}}"
the-audubon,29 Audubon Street,2br,3676,3676,3676,comparable,true,calculated_total,source_standard_lease,12,current_unit,Current official 12-month cost estimate,1110,https://www.theaudubonapts.com/floorplans,403,2 Bed/2 Bath-B5,2026-10-07,12,per_unit,3579,3579,3676,3676,reviews/price_refresh_evidence_2026-07-29.md,official_page_capture,2026-07-29,2026-07-29,,yes,[],unknown,"{""in_unit_laundry"":{""evidenceStatus"":""not_found"",""recordScope"":""unit"",""sourceUrl"":""https://www.theaudubonapts.com/floorplans"",""sourceRef"":""reviews/price_refresh_evidence_2026-07-29.md"",""checkedDate"":""2026-07-29"",""reviewedAt"":""2026-07-29""},""private_kitchen_bath"":{""evidenceStatus"":""confirmed"",""recordScope"":""floorplan"",""sourceUrl"":""https://www.theaudubonapts.com/floorplans"",""sourceRef"":""reviews/price_refresh_evidence_2026-07-29.md"",""checkedDate"":""2026-07-29"",""reviewedAt"":""2026-07-29""},""flooring_materials"":{""evidenceStatus"":""not_found"",""recordScope"":""unit"",""sourceUrl"":""https://www.theaudubonapts.com/floorplans"",""sourceRef"":""reviews/price_refresh_evidence_2026-07-29.md"",""checkedDate"":""2026-07-29"",""reviewedAt"":""2026-07-29""},""furnished_status"":{""evidenceStatus"":""not_found"",""recordScope"":""unit"",""sourceUrl"":""https://www.theaudubonapts.com/floorplans"",""sourceRef"":""reviews/price_refresh_evidence_2026-07-29.md"",""checkedDate"":""2026-07-29"",""reviewedAt"":""2026-07-29""}}"
pierpont-city-crossing,,studio,2248,2248,2248,comparable,true,official_total,source_standard_lease,12,current_unit,Current property-supplied total monthly price lower bound,537,https://www.rentcafe.com/apartments/ct/new-haven/pierpont-at-city-crossing/default.aspx,525,JR1,Available Now,12,per_unit,,,2248,7736,reviews/price_refresh_evidence_2026-07-29.md,official_page_capture,2026-07-29,2026-07-29,yes,yes,"[""lvp"",""carpet"",""tile""]",unknown,"{""in_unit_laundry"":{""evidenceStatus"":""confirmed"",""recordScope"":""building"",""sourceUrl"":""https://www.rentcafe.com/apartments/ct/new-haven/pierpont-at-city-crossing/default.aspx"",""sourceRef"":""reviews/price_refresh_evidence_2026-07-29.md"",""checkedDate"":""2026-07-29"",""reviewedAt"":""2026-07-29""},""private_kitchen_bath"":{""evidenceStatus"":""confirmed"",""recordScope"":""building"",""sourceUrl"":""https://www.rentcafe.com/apartments/ct/new-haven/pierpont-at-city-crossing/default.aspx"",""sourceRef"":""reviews/price_refresh_evidence_2026-07-29.md"",""checkedDate"":""2026-07-29"",""reviewedAt"":""2026-07-29""},""flooring_materials"":{""evidenceStatus"":""confirmed"",""recordScope"":""unit"",""sourceUrl"":""https://rms-companies.com/property/pierpont-at-city-crossing/"",""sourceRef"":null,""checkedDate"":""2026-07-27"",""reviewedAt"":""2026-07-27""},""furnished_status"":{""evidenceStatus"":""not_found"",""recordScope"":""unit"",""sourceUrl"":""https://www.rentcafe.com/apartments/ct/new-haven/pierpont-at-city-crossing/default.aspx"",""sourceRef"":""docs/phase_c_evidence/pierpont-city-crossing_2026-07-12.md"",""checkedDate"":""2026-07-27"",""reviewedAt"":""2026-07-27""}}"
pierpont-city-crossing,,1br,2179,2179,2179,comparable,true,official_total,source_standard_lease,12,current_unit,Current property-supplied total monthly price lower bound,695,https://www.rentcafe.com/apartments/ct/new-haven/pierpont-at-city-crossing/default.aspx,103,1BR 695 sqft,2026-08-03,12,per_unit,,,2179,2932,reviews/price_refresh_evidence_2026-07-29.md,official_page_capture,2026-07-29,2026-07-29,yes,yes,[],unknown,"{""in_unit_laundry"":{""evidenceStatus"":""confirmed"",""recordScope"":""building"",""sourceUrl"":""https://www.rentcafe.com/apartments/ct/new-haven/pierpont-at-city-crossing/default.aspx"",""sourceRef"":""reviews/price_refresh_evidence_2026-07-29.md"",""checkedDate"":""2026-07-29"",""reviewedAt"":""2026-07-29""},""private_kitchen_bath"":{""evidenceStatus"":""confirmed"",""recordScope"":""building"",""sourceUrl"":""https://www.rentcafe.com/apartments/ct/new-haven/pierpont-at-city-crossing/default.aspx"",""sourceRef"":""reviews/price_refresh_evidence_2026-07-29.md"",""checkedDate"":""2026-07-29"",""reviewedAt"":""2026-07-29""},""flooring_materials"":{""evidenceStatus"":""not_found"",""recordScope"":""unit"",""sourceUrl"":""https://www.rentcafe.com/apartments/ct/new-haven/pierpont-at-city-crossing/default.aspx"",""sourceRef"":""reviews/price_refresh_evidence_2026-07-29.md"",""checkedDate"":""2026-07-29"",""reviewedAt"":""2026-07-29""},""furnished_status"":{""evidenceStatus"":""not_found"",""recordScope"":""unit"",""sourceUrl"":""https://www.rentcafe.com/apartments/ct/new-haven/pierpont-at-city-crossing/default.aspx"",""sourceRef"":""reviews/price_refresh_evidence_2026-07-29.md"",""checkedDate"":""2026-07-29"",""reviewedAt"":""2026-07-29""}}"
pierpont-city-crossing,,2br,3572,3572,3572,comparable,true,official_total,source_standard_lease,12,current_unit,Current property-supplied total monthly price lower bound,1077,https://www.rentcafe.com/apartments/ct/new-haven/pierpont-at-city-crossing/default.aspx,508,2BR 1077 sqft,Available Now,12,per_unit,,,3572,6789,reviews/price_refresh_evidence_2026-07-29.md,official_page_capture,2026-07-29,2026-07-29,yes,yes,[],unknown,"{""in_unit_laundry"":{""evidenceStatus"":""confirmed"",""recordScope"":""building"",""sourceUrl"":""https://www.rentcafe.com/apartments/ct/new-haven/pierpont-at-city-crossing/default.aspx"",""sourceRef"":""reviews/price_refresh_evidence_2026-07-29.md"",""checkedDate"":""2026-07-29"",""reviewedAt"":""2026-07-29""},""private_kitchen_bath"":{""evidenceStatus"":""confirmed"",""recordScope"":""building"",""sourceUrl"":""https://www.rentcafe.com/apartments/ct/new-haven/pierpont-at-city-crossing/default.aspx"",""sourceRef"":""reviews/price_refresh_evidence_2026-07-29.md"",""checkedDate"":""2026-07-29"",""reviewedAt"":""2026-07-29""},""flooring_materials"":{""evidenceStatus"":""not_found"",""recordScope"":""unit"",""sourceUrl"":""https://www.rentcafe.com/apartments/ct/new-haven/pierpont-at-city-crossing/default.aspx"",""sourceRef"":""reviews/price_refresh_evidence_2026-07-29.md"",""checkedDate"":""2026-07-29"",""reviewedAt"":""2026-07-29""},""furnished_status"":{""evidenceStatus"":""not_found"",""recordScope"":""unit"",""sourceUrl"":""https://www.rentcafe.com/apartments/ct/new-haven/pierpont-at-city-crossing/default.aspx"",""sourceRef"":""reviews/price_refresh_evidence_2026-07-29.md"",""checkedDate"":""2026-07-29"",""reviewedAt"":""2026-07-29""}}"
estelle,,studio,,,,not_applicable,false,unknown,not_applicable,,inquire_only,Studio S1 and S2 remain inquire-only in the current official feed,,https://estellenewhaven.securecafe.com/onlineleasing/estelle-new-haven/floorplans,,S1/S2,,,per_unit,,,,,reviews/price_refresh_evidence_2026-07-29.md,official_page_capture,2026-07-29,2026-07-29,,,[],unknown,"{""in_unit_laundry"":{""evidenceStatus"":""not_found"",""recordScope"":""floorplan"",""sourceUrl"":""https://estellenewhaven.securecafe.com/onlineleasing/estelle-new-haven/floorplans"",""sourceRef"":""reviews/price_refresh_evidence_2026-07-29.md"",""checkedDate"":""2026-07-29"",""reviewedAt"":""2026-07-29""},""private_kitchen_bath"":{""evidenceStatus"":""not_found"",""recordScope"":""floorplan"",""sourceUrl"":""https://estellenewhaven.securecafe.com/onlineleasing/estelle-new-haven/floorplans"",""sourceRef"":""reviews/price_refresh_evidence_2026-07-29.md"",""checkedDate"":""2026-07-29"",""reviewedAt"":""2026-07-29""},""flooring_materials"":{""evidenceStatus"":""not_found"",""recordScope"":""floorplan"",""sourceUrl"":""https://estellenewhaven.securecafe.com/onlineleasing/estelle-new-haven/floorplans"",""sourceRef"":""reviews/price_refresh_evidence_2026-07-29.md"",""checkedDate"":""2026-07-29"",""reviewedAt"":""2026-07-29""},""furnished_status"":{""evidenceStatus"":""not_found"",""recordScope"":""floorplan"",""sourceUrl"":""https://estellenewhaven.securecafe.com/onlineleasing/estelle-new-haven/floorplans"",""sourceRef"":""reviews/price_refresh_evidence_2026-07-29.md"",""checkedDate"":""2026-07-29"",""reviewedAt"":""2026-07-29""}}"
estelle,,1br,2870,2870,2870,comparable,true,calculated_total,source_standard_lease,12,current_unit,"Current official $2,830 base rent plus the previously reviewed $40 mandatory monthly fee",,https://estellenewhaven.securecafe.com/onlineleasing/estelle-new-haven/floorplans,506,A3,Available Now,12,per_unit,2830,2830,2870,2870,reviews/price_refresh_evidence_2026-07-29.md,official_page_capture,2026-07-29,2026-07-29,unknown,yes,[],unknown,"{""in_unit_laundry"":{""evidenceStatus"":""not_found"",""recordScope"":""unit"",""sourceUrl"":""https://estellenewhaven.securecafe.com/onlineleasing/estelle-new-haven/rentaloptions.aspx?UnitID=48066972&FloorPlanID=6409675&myOlePropertyid=2326474&MoveInDate=7/13/2026"",""sourceRef"":""docs/phase_c_evidence/estelle_2026-07-12.md"",""checkedDate"":""2026-07-27"",""reviewedAt"":""2026-07-27""},""private_kitchen_bath"":{""evidenceStatus"":""confirmed"",""recordScope"":""unit"",""sourceUrl"":""https://estellenewhaven.securecafe.com/onlineleasing/estelle-new-haven/rentaloptions.aspx?UnitID=48066972&FloorPlanID=6409675&myOlePropertyid=2326474&MoveInDate=7/13/2026"",""sourceRef"":""docs/phase_c_evidence/estelle_2026-07-12.md"",""checkedDate"":""2026-07-27"",""reviewedAt"":""2026-07-27""},""flooring_materials"":{""evidenceStatus"":""not_found"",""recordScope"":""unit"",""sourceUrl"":""https://estellenewhaven.securecafe.com/onlineleasing/estelle-new-haven/rentaloptions.aspx?UnitID=48066972&FloorPlanID=6409675&myOlePropertyid=2326474&MoveInDate=7/13/2026"",""sourceRef"":""docs/phase_c_evidence/estelle_2026-07-12.md"",""checkedDate"":""2026-07-27"",""reviewedAt"":""2026-07-27""},""furnished_status"":{""evidenceStatus"":""not_found"",""recordScope"":""unit"",""sourceUrl"":""https://estellenewhaven.securecafe.com/onlineleasing/estelle-new-haven/rentaloptions.aspx?UnitID=48066972&FloorPlanID=6409675&myOlePropertyid=2326474&MoveInDate=7/13/2026"",""sourceRef"":""docs/phase_c_evidence/estelle_2026-07-12.md"",""checkedDate"":""2026-07-27"",""reviewedAt"":""2026-07-27""}}"
estelle,,2br,3910,3910,3910,comparable,true,calculated_total,source_standard_lease,12,current_floorplan,"Current official $3,870 base rent plus the previously reviewed $40 mandatory monthly fee",,https://estellenewhaven.securecafe.com/onlineleasing/estelle-new-haven/floorplans,,B3,Available Now,12,per_unit,3870,3870,3910,3910,reviews/price_refresh_evidence_2026-07-29.md,official_page_capture,2026-07-29,2026-07-29,,yes,[],unknown,"{""in_unit_laundry"":{""evidenceStatus"":""not_found"",""recordScope"":""floorplan"",""sourceUrl"":""https://estellenewhaven.securecafe.com/onlineleasing/estelle-new-haven/floorplans"",""sourceRef"":""reviews/price_refresh_evidence_2026-07-29.md"",""checkedDate"":""2026-07-29"",""reviewedAt"":""2026-07-29""},""private_kitchen_bath"":{""evidenceStatus"":""confirmed"",""recordScope"":""floorplan"",""sourceUrl"":""https://estellenewhaven.securecafe.com/onlineleasing/estelle-new-haven/floorplans"",""sourceRef"":""reviews/price_refresh_evidence_2026-07-29.md"",""checkedDate"":""2026-07-29"",""reviewedAt"":""2026-07-29""},""flooring_materials"":{""evidenceStatus"":""not_found"",""recordScope"":""floorplan"",""sourceUrl"":""https://estellenewhaven.securecafe.com/onlineleasing/estelle-new-haven/floorplans"",""sourceRef"":""reviews/price_refresh_evidence_2026-07-29.md"",""checkedDate"":""2026-07-29"",""reviewedAt"":""2026-07-29""},""furnished_status"":{""evidenceStatus"":""not_found"",""recordScope"":""floorplan"",""sourceUrl"":""https://estellenewhaven.securecafe.com/onlineleasing/estelle-new-haven/floorplans"",""sourceRef"":""reviews/price_refresh_evidence_2026-07-29.md"",""checkedDate"":""2026-07-29"",""reviewedAt"":""2026-07-29""}}"
